name,price,seller_name,seller_years,seller_response_rate,image,link
New private model fashion promotion wireless charging function X6 Pixart PAU1603 wireless Earphone earphone headphone for sports,$12.05-$13.85,Shenzhen Eriwin Technology Limited,11 YRS,,https://s.alicdn.com/@sc01/kf/H6d02bc74346b4c65ac095201bf8c3a0e0.jpg_300x300.jpg,https://www.alibaba.com/product-detail/New-private-model-fashion-promotion-wireless_62393635559.html
New Joyroom TL5 True wireless Stereo Earbuds bluetooth headphone with three screen digital power display 3D touch control OEM,$9.38-$10.68,"Shenzhen St.helens Cultural & Creative Co., Ltd.",1 YRS,,https://img.alicdn.com/tfs/TB1S_7kkY5YBuNjSspoXXbeNFXa-700-700.jpg_350x350.jpg,https://www.alibaba.com/product-detail/New-Joyroom-TL5-True-wireless-Stereo_62551648983.html?s=p
2020 Free Sample Newest 1:1 Original Active Noise Cancelling Wireless Headphone Earphone Sports Headset for iphone XS,$12.60-$28.70,"Shenzhen Diduikong Technology Development Co., Ltd.",1 YRS,76.7%,https://img.alicdn.com/tfs/TB1S_7kkY5YBuNjSspoXXbeNFXa-700-700.jpg_350x350.jpg,https://www.alibaba.com/product-detail/2020-Free-Sample-Newest-1-1_62451679818.html?s=p
2020 new Twin wireless earphones BT 5.0 tws bluetooth earphones headphones bluetooth earbuds with charging box,$2.87-$3.31,"Jiangyin Brenu Industry Technology Co., Ltd.",4 YRS,96.8%,https://img.alicdn.com/tfs/TB1S_7kkY5YBuNjSspoXXbeNFXa-700-700.jpg_350x350.jpg,https://www.alibaba.com/product-detail/2020-new-Twin-wireless-earphones-BT_62476606031.html?s=p
brand factory online shopping gaming headphones for PS4/PC/Phone accessories,$1.00-$2.99,"Shenzhen Siberia Electronic Co., Ltd.",12 YRS,,https://img.alicdn.com/tfs/TB1S_7kkY5YBuNjSspoXXbeNFXa-700-700.jpg_350x350.jpg,https://www.alibaba.com/product-detail/brand-factory-online-shopping-gaming-headphones_60831526210.html?s=p
Original quality 3.5mm wired headphone android in-ear headphone microphone music for iPhone6,$0.69-$0.90,"Shenzhen Yihua Electronic Co., Ltd.",1 YRS,,https://img.alicdn.com/tfs/TB1S_7kkY5YBuNjSspoXXbeNFXa-700-700.jpg_350x350.jpg,https://www.alibaba.com/product-detail/Original-quality-3-5mm-wired-headphone_62559569112.html?s=p
Free sample 2019 1:1 original TWS earphone Wireless Earbuds Noise Cancelling Earphones Sports Headphone for iphone 11 pro max,$29.40-$30.60,"Shenzhen Diduikong Technology Development Co., Ltd.",1 YRS,94.9%,https://img.alicdn.com/tfs/TB1S_7kkY5YBuNjSspoXXbeNFXa-700-700.jpg_350x350.jpg,https://www.alibaba.com/product-detail/Free-sample-2019-1-1-original_62392646800.html
"Economic Version i7s TWS Headphones , True Stereo Twins Wireless BT5.0 Earphone tws i7 i7s for promotion free gift",$0.99-$1.99,"Shenzhen Xunjia Technology Co., Ltd.",2 YRS,97.2%,https://img.alicdn.com/tfs/TB1S_7kkY5YBuNjSspoXXbeNFXa-700-700.jpg_350x350.jpg,https://www.alibaba.com/product-detail/Economic-Version-i7s-TWS-Headphones-True_62339834846.html
Wireless earphone Second Generation Renamed Manufacturer 1:1 wireless headphone,$17.00-$20.00,"Shenzhen Jiuhe Xing Trading Co., Ltd.",1 YRS,98.3%,https://s.alicdn.com/@sc01/kf/H855522c89b38457ea5c8bbaa16be17ec3.jpg_300x300.jpg,https://www.alibaba.com/product-detail/Wireless-earphone-Second-Generation-Renamed-Manufacturer_62348376729.html
Mini 5.0 Portable Smart Headsets Ear Phone Wireless Earbuds Headphone For Outdoor Sports Game,$0.01-$0.10,"Shenzhen Top-Flight Technology Co., Ltd.",7 YRS,60.2%,https://img.alicdn.com/tfs/TB1S_7kkY5YBuNjSspoXXbeNFXa-700-700.jpg_350x350.jpg,https://www.alibaba.com/product-detail/Mini-5-0-Portable-Smart-Headsets_62273451197.html
Hot selling high quality multi-color J5 Earphones in-ear Headphones for Samsung all phone compatible stereo earphone,$0.30-$0.40,"Shenzhen Yuehan Electronic Technology Co., Ltd.",2 YRS,51.4%,https://img.alicdn.com/tfs/TB1S_7kkY5YBuNjSspoXXbeNFXa-700-700.jpg_350x350.jpg,https://www.alibaba.com/product-detail/Hot-selling-high-quality-multi-color_60769668278.html
High Sound Quality For iphone Cell Phone Headphone Control Microphone 8pin Handfree Wired Stereo Earbuds Earphone for Lightning,$1.54-$1.70,Shenzhen Xinglijie Technology Limited,9 YRS,88.7%,https://img.alicdn.com/tfs/TB1S_7kkY5YBuNjSspoXXbeNFXa-700-700.jpg_350x350.jpg,https://www.alibaba.com/product-detail/High-Sound-Quality-For-iphone-Cell_62356896469.html
True 5.0 i7s i9s i12 Cheap TWS Headset Bluetooth Earbuds Wireless Earphone Headphones,$1.98-$2.98,Shenzhen Hongyanqin Commerce Ltd.,1 YRS,98.1%,https://img.alicdn.com/tfs/TB1S_7kkY5YBuNjSspoXXbeNFXa-700-700.jpg_350x350.jpg,https://www.alibaba.com/product-detail/True-5-0-i7s-i9s-i12_62339592388.html
"for iPhone Earphone Headphone , with Microphone Earbuds Stereo Headphones and Noise Isolating In Ear Wired Earphone for iPhone",$1.30-$1.65,"Shenzhen Xinhuifeng Tech Co., Ltd.",3 YRS,65.1%,https://img.alicdn.com/tfs/TB1S_7kkY5YBuNjSspoXXbeNFXa-700-700.jpg_350x350.jpg,https://www.alibaba.com/product-detail/for-iPhone-Earphone-Headphone-with-Microphone_62146672904.html
USAMS YA001 i12 Noise Cancelling In Ear TWS Wireless Earphone & Headphone,$4.80-$6.13,"Shenzhen Youshengshi Technology Co., Ltd.",2 YRS,92.1%,https://img.alicdn.com/tfs/TB1S_7kkY5YBuNjSspoXXbeNFXa-700-700.jpg_350x350.jpg,https://www.alibaba.com/product-detail/USAMS-YA001-i12-Noise-Cancelling-In_62016358028.html
New Bee LC-B41 24 Hrs Battery life Single Ear Wireless Bluetooth Headphone with Mic,$6.40-$6.70,"Shenzhen Link Dream Electronics Co., Ltd.",7 YRS,88.1%,https://img.alicdn.com/tfs/TB1S_7kkY5YBuNjSspoXXbeNFXa-700-700.jpg_350x350.jpg,https://www.alibaba.com/product-detail/New-Bee-LC-B41-24-Hrs_60835937397.html
2020 high quality factory wireless original i12 tws earphone headphone,$1.00,"Shenzhen Jinyacheng Information Consulting Co., Ltd.",1 YRS,,https://s.alicdn.com/@sc01/kf/H5d95b8edbf6c4c7988f0dd2fe25f6ce0s.jpg_300x300.jpg,https://www.alibaba.com/product-detail/2020-high-quality-factory-wireless-original_62420690539.html
earphone bluetooth wireless tws earbuds earphones with mic in ear noise cancelling waterproof true wireless headphone,$6.84-$9.00,"Ningbo Roca Superior Products E-Commerce Co., Ltd.",1 YRS,97.1%,https://img.alicdn.com/tfs/TB1S_7kkY5YBuNjSspoXXbeNFXa-700-700.jpg_350x350.jpg,https://www.alibaba.com/product-detail/earphone-bluetooth-wireless-tws-earbuds-earphones_62331850365.html
BT 5.0 Earphones TWS Wireless Headphones Blutooth Earphone Handsfree Headphone Sports Earbuds Gaming Headset Phone,$0.01-$0.10,"Shenzhen Top-Flight Technology Co., Ltd.",7 YRS,60.2%,https://img.alicdn.com/tfs/TB1S_7kkY5YBuNjSspoXXbeNFXa-700-700.jpg_350x350.jpg,https://www.alibaba.com/product-detail/BT-5-0-Earphones-TWS-Wireless_62252736262.html
Hot Sales Cheap Price Headset 3.5mm Handsfree headphone For Samsung S4 JB J5 Earphone With Mic And Volume Control,$0.33-$0.45,"Shenzhen Nabowei Electronic Technology Co., Ltd.",4 YRS,88.2%,https://img.alicdn.com/tfs/TB1S_7kkY5YBuNjSspoXXbeNFXa-700-700.jpg_350x350.jpg,https://www.alibaba.com/product-detail/Hot-Sales-Cheap-Price-Headset-3_62296514969.html
2020 Custom Brand Logo low moq Noise Reduction Active Noise Cancelling Wireless Bluetooth Headphones By OEM Headphone Factory,$14.30-$20.00,"Dong Guan Yong Fang Electronics Technology Co., Ltd.",11 YRS,88.5%,https://img.alicdn.com/tfs/TB1S_7kkY5YBuNjSspoXXbeNFXa-700-700.jpg_350x350.jpg,https://www.alibaba.com/product-detail/2020-Custom-Brand-Logo-low-moq_60776501409.html
Best i7s tws i7s mini wireless headphone i7s tws headphone i7s earphone earbuds with charging box,$1.99-$2.59,"Shenzhen Greatworth Technology Co., Ltd.",3 YRS,82.3%,https://img.alicdn.com/tfs/TB1S_7kkY5YBuNjSspoXXbeNFXa-700-700.jpg_350x350.jpg,https://www.alibaba.com/product-detail/Best-i7s-tws-i7s-mini-wireless_62108489008.html
Artiste ADH500 Wireless 2.4G 30M Distance HIFI Noise Isolating Bass DVD TV Video Gaming Computer Stereo Headset Headphone,$36.90-$37.50,"Guangzhou Artiste Technology Co., Ltd.",7 YRS,82.1%,https://img.alicdn.com/tfs/TB1S_7kkY5YBuNjSspoXXbeNFXa-700-700.jpg_350x350.jpg,https://www.alibaba.com/product-detail/Artiste-ADH500-Wireless-2-4G-30M_60832375874.html
New Handsfree i9000 TWS 1:1 Air 2 Headphone 5.0 In Ear Wireless Earphone Earbuds i500,$10.00-$10.80,Shenzhen Yingneng Electronic Commerce Corporation Limited,2 YRS,,https://img.alicdn.com/tfs/TB1S_7kkY5YBuNjSspoXXbeNFXa-700-700.jpg_350x350.jpg,https://www.alibaba.com/product-detail/New-Handsfree-i9000-TWS-1-1_62271672564.html
Hot selling high quality multi-color J5 Earphones in-ear Headphones for Samsung all phone compatible stereo earphone,$0.30-$0.40,"Shenzhen Yuehan Electronic Technology Co., Ltd.",2 YRS,51.4%,https://s.alicdn.com/@sc01/kf/HTB1Y_RkbuUXBuNjt_XBq6xeDXXaD.jpg_300x300.jpg,https://www.alibaba.com/product-detail/Hot-selling-high-quality-multi-color_60769668278.html
2020 Mini Sport I12 Tws Auriculares Audifonos Touch Wireless Earbuds Bluetooths 50 Tws I12 Earphone Headphone I12 Tws,$1.00-$6.50,"Shenzhen Isaiah Industry and Trade Co., Ltd.",2 YRS,94.5%,https://img.alicdn.com/tfs/TB1S_7kkY5YBuNjSspoXXbeNFXa-700-700.jpg_350x350.jpg,https://www.alibaba.com/product-detail/2020-Mini-Sport-I12-Tws-Auriculares_62455108987.html
Magnetic Attraction Bluet ooth Earphone Waterproof Sport Headphone 4.2 with Build-in Mic Headphone Blue tooth Headset,$0.59-$0.99,"Shenzhen Pirate Captain Trade Co., Ltd.",3 YRS,96.6%,https://img.alicdn.com/tfs/TB1S_7kkY5YBuNjSspoXXbeNFXa-700-700.jpg_350x350.jpg,https://www.alibaba.com/product-detail/Magnetic-Attraction-Bluet-ooth-Earphone-Waterproof_60836556660.html
Original 1:1 TWS Wireless Earbuds Air 3 Pro wireless 5.0 In Ear Headsets Wireless Headphones 1:1 poding 2 Pro air TWS Headsets,$15.00-$17.00,"Shenzhen Pengxinfa Electronics Co., Ltd.",2 YRS,91.4%,https://img.alicdn.com/tfs/TB1S_7kkY5YBuNjSspoXXbeNFXa-700-700.jpg_350x350.jpg,https://www.alibaba.com/product-detail/Original-1-1-TWS-Wireless-Earbuds_62401289447.html
New Design Braided Crack Double Stereo Bass MP3 Music Headphones With Mic,$0.55-$0.75,"Shenzhen Redlp Electronics Co., Ltd.",2 YRS,92.2%,https://img.alicdn.com/tfs/TB1S_7kkY5YBuNjSspoXXbeNFXa-700-700.jpg_350x350.jpg,https://www.alibaba.com/product-detail/New-Design-Braided-Crack-Double-Stereo_62141583171.html
headphone noise cancelling and USB Connectors 2019 hot sale BT blue tooth earphone true wireless TWS earbuds 5.0 bose headphone,$4.30-$4.90,"Shenzhen Xintu Century Technology Co., Ltd.",2 YRS,85.7%,https://img.alicdn.com/tfs/TB1S_7kkY5YBuNjSspoXXbeNFXa-700-700.jpg_350x350.jpg,https://www.alibaba.com/product-detail/headphone-noise-cancelling-and-USB-Connectors_62181247284.html
"OneOdio Active Noise Cancelling Headphones Bluetooth 5.0 Over Ear Headphones with Mic and Hi-Fi Sound, Quick Charge",$32.70-$40.30,"Wanzhao Acoustics Technology(shenzhen)co., Ltd.",1 YRS,,https://img.alicdn.com/tfs/TB1S_7kkY5YBuNjSspoXXbeNFXa-700-700.jpg_350x350.jpg,https://www.alibaba.com/product-detail/OneOdio-Active-Noise-Cancelling-Headphones-Bluetooth_62286696168.html
3.5mm Earphones with Mic for Apple iPhone iPad iPod wired headphones,$0.41-$0.70,"Shenzhen Saintshout Trading Co., Ltd.",1 YRS,100.0%,https://img.alicdn.com/tfs/TB1S_7kkY5YBuNjSspoXXbeNFXa-700-700.jpg_350x350.jpg,https://www.alibaba.com/product-detail/3-5mm-Earphones-with-Mic-for_62392596637.html
Hot selling high quality multi-color J5 Earphones in-ear Headphones for Samsung all phone compatible stereo earphone,$0.30-$0.40,"Shenzhen Yuehan Electronic Technology Co., Ltd.",2 YRS,51.4%,https://s.alicdn.com/@sc01/kf/HTB1Y_RkbuUXBuNjt_XBq6xeDXXaD.jpg_300x300.jpg,https://www.alibaba.com/product-detail/Hot-selling-high-quality-multi-color_60769668278.html
2020 Mini Sport I12 Tws Auriculares Audifonos Touch Wireless Earbuds Bluetooths 50 Tws I12 Earphone Headphone I12 Tws,$1.00-$6.50,"Shenzhen Isaiah Industry and Trade Co., Ltd.",2 YRS,94.5%,https://img.alicdn.com/tfs/TB1S_7kkY5YBuNjSspoXXbeNFXa-700-700.jpg_350x350.jpg,https://www.alibaba.com/product-detail/2020-Mini-Sport-I12-Tws-Auriculares_62455108987.html
Magnetic Attraction Bluet ooth Earphone Waterproof Sport Headphone 4.2 with Build-in Mic Headphone Blue tooth Headset,$0.59-$0.99,"Shenzhen Pirate Captain Trade Co., Ltd.",3 YRS,96.6%,https://img.alicdn.com/tfs/TB1S_7kkY5YBuNjSspoXXbeNFXa-700-700.jpg_350x350.jpg,https://www.alibaba.com/product-detail/Magnetic-Attraction-Bluet-ooth-Earphone-Waterproof_60836556660.html
"shenzhen Bestseller fashion wired foldable headphones ,wired headset with mic for amazon",$1.76-$2.00,"Shantou Wiisun Electronic Co., Ltd.",4 YRS,93.9%,https://img.alicdn.com/tfs/TB1S_7kkY5YBuNjSspoXXbeNFXa-700-700.jpg_350x350.jpg,https://www.alibaba.com/product-detail/shenzhen-Bestseller-fashion-wired-foldable-headphones_50045341216.html
I12 TWS Hot Earphone Hands Free touch Control i12 earbuds TWS wireless headphones,$3.65-$5.65,"Shenzhen Lixin Technology Co., Ltd.",3 YRS,86.8%,https://img.alicdn.com/tfs/TB1S_7kkY5YBuNjSspoXXbeNFXa-700-700.jpg_350x350.jpg,https://www.alibaba.com/product-detail/I12-TWS-Hot-Earphone-Hands-Free_62044704283.html
Cheap Hifi Bass Magnetic TWS True Wireless Earbuds Best Blue tooth Wireless Earphones Headphones,$21.40-$22.40,"Shenzhen Leed Electronic Co., Ltd.",12 YRS,96.8%,https://img.alicdn.com/tfs/TB1S_7kkY5YBuNjSspoXXbeNFXa-700-700.jpg_350x350.jpg,https://www.alibaba.com/product-detail/Cheap-Hifi-Bass-Magnetic-TWS-True_62392884041.html
IPX5 stereo sport v5.0 bluetooth headphones true wireless waterproof earbuds with charging case,$4.50-$11.50,"Ningbo Shengjing Commercial And Trading Co., Ltd.",5 YRS,77.7%,https://img.alicdn.com/tfs/TB1S_7kkY5YBuNjSspoXXbeNFXa-700-700.jpg_350x350.jpg,https://www.alibaba.com/product-detail/IPX5-stereo-sport-v5-0-bluetooth_62191310959.html
Chinese Red Wireless Neckband Stereo Sport Headphones Retractable Earphone for music,$12.50-$14.00,"Shenzhen Shuaixian Electronic Equipment Co., Ltd.",12 YRS,85.5%,https://img.alicdn.com/tfs/TB1S_7kkY5YBuNjSspoXXbeNFXa-700-700.jpg_350x350.jpg,https://www.alibaba.com/product-detail/Chinese-Red-Wireless-Neckband-Stereo-Sport_60734145507.html
